fold,mean_probability
1,0.20956798410894945
2,0.384166991167889
3,0.6723701221112254
4,0.4331026319823853
5,0.33694482402386206
